id,x0,x1,x10
133,,-1.046633,
133,,-1.046633,
